<?xml version="1.0" encoding="utf-8" standalone="yes" ?>
<?xml-stylesheet type="text/xsl" href="modx.prosilver.en.xsl"?>
<!--For security purposes, please check: https
://www.phpbb.com/mods/ for the latest version of this MOD. Although MODs are checked before being allowed in the MODs Database there is no guarantee that there are no security problems within the MOD. No support will be given for MODs not found within the MODs Database which can be found at https://www.phpbb.com/mods/-->
<mod xmlns:xsi="http://www.w3.org/2001/XMLSchema-instance" xmlns="https://www.phpbb.com/mods/xml/modx-1.2.6.xsd">
	<header>
		<license>http://opensource.org/licenses/gpl-license.php GNU General Public License v2</license>

		<title lang="en">Jigsaw puzzle captcha</title>

		<description lang="en">Arrange pieces to show picture and prove yourself human.</description>

		<author-notes lang="en">
		This MOD:
		- requires client side javascript and some CSS3.
		- makes use of a site admin supplied folder of .png images.
		</author-notes>

		<github><![CDATA[https://github.com/hanelyp/phpbb/jsmod]]></github>

		<author-group>
			<author>
				<realname>Peter Hanely</realname>
				<username phpbbcom="no">nobody</username>
				<homepage>https://github.com/hanelyp/</homepage>
			</author>
		</author-group>

		<mod-version>0.9.1</mod-version>

		<installation>
			<level>Intermediate</level>
			<time>1200</time>
			<target-version>3.0.12</target-version>
		</installation>

		<history>
			<entry>
				<date>2014-12-24</date>
				<rev-version>0.9.0</rev-version>
				<changelog lang="en">
					<change>Initial beta package</change>
				</changelog>
			</entry>
			<entry>
				<date>2015-01-01</date>
				<rev-version>0.9.1</rev-version>
				<changelog lang="en">
					<change>Minor revisions for admin side bug and phpBB mod standards</change>
				</changelog>
			</entry>
		</history>

		<link-group>
			<link type="template" href="modx.prosilver.en.xsl" lang="en">modx.prosilver.en.xsl</link>
		</link-group>
	</header>

	<action-group>
		<sql dbms="mysql"><![CDATA[ALTER TABLE phpbb_confirm CHANGE code code VARCHAR(32) NOT NULL DEFAULT '']]></sql>
		<copy>
			<file from="root/adm/style/captcha_jigsaw_acp_demo.html" to="/adm/style/captcha_jigsaw_acp_demo.html" />
			<file from="root/adm/style/captcha_jigsaw_acp.html" to="/adm/style/captcha_jigsaw_acp.html" />
			<file from="root/includes/captcha/plugins/captcha_more_abstract.php" to="/includes/captcha/plugins/captcha_more_abstract.php" />
			<file from="root/includes/captcha/plugins/phpbb_captcha_jigsaw_plugin.php" to="/includes/captcha/plugins/phpbb_captcha_jigsaw_plugin.php" />
			<file from="root/language/en/captcha_jigsaw.php" to="/language/en/captcha_jigsaw.php" />
			<file from="root/script/captcha_jigsaw.js" to="/script/captcha_jigsaw.js" />
			<file from="root/styles/prosilver/template/captcha_jigsaw.html" to="/styles/prosilver/template/captcha_jigsaw.html" />
		</copy>
		<open src="language/en/acp/board.php">
			<edit>
				<find>'CAPTCHA_GD'							=> 'GD image',</find>
				<action type="after-add">'CAPTCHA_JIGSAW'						=> 'Jigsaw Puzzle',</action>
			</edit>
		</open>

		<diy-instructions lang="en">
- This mod requires a user provided folder with .png files suited for cutting into puzzles.  Any path readable and listable by the web script should work.
- Configure under acp->General->Spambot Countermeasures.
- - Select Jigsaw Puzzle.
- - Configure
- - - Enter path to source image folder.
- - - Set size of puzzle, 3x3 tiles 100x75pixels each works well.
- The images should be (tilesX*sizeX x tilesY*sizeY) or slightly larger.  Recommended settings are for 300x225pixel puzzels.
		</diy-instructions>
	</action-group>
</mod>
